ratio,majority precision,majority recall,majority f1,minority precision,minority recall,minority f1,accuracy,macro avg precision,macro avg recall,macro avg f1,weighted avg precision,weighted avg recall,weighted avg f1,auc,fpr,tpr
0.021149848792006147,0.9845668228145709,0.9967414992700598,0.9906167557719836,0.6303978238694322,0.26238324370223604,0.3705406215649045,0.9815091514875754,0.8074823233420015,0.6295623714861479,0.6805786886684441,0.977220510132983,0.9815091514875754,0.977754892701407,0.6295623714861479,"[0.0, 0.003258500729940136, 1.0]","[0.0, 0.26238324370223604, 1.0]"
0.2,0.9930256965839456,0.9671811720410445,0.9799330595781903,0.3048006096012192,0.6793093688083781,0.4207942491452617,0.9612100218696334,0.6489131530925824,0.8232452704247113,0.700363654361726,0.9787502611298352,0.9612100218696334,0.9683351824458452,0.8232452704247112,"[0.0, 0.03281882795895548, 1.0]","[0.0, 0.6793093688083781, 1.0]"
0.4,0.9946805316307663,0.9433824256795038,0.9683525802570564,0.22179645653069632,0.7618171525615625,0.3435665049782997,0.9396163273693326,0.6082384940807313,0.8525997891205331,0.6559595426176781,0.9786490661461643,0.9396163273693326,0.9553930217362078,0.8525997891205331,"[0.0, 0.05661757432049618, 1.0]","[0.0, 0.7618171525615625, 1.0]"
0.6,0.995637006733974,0.9214512468936326,0.9571087398532201,0.17915544138838418,0.8093688083781488,0.2933723196881092,0.9191263888685033,0.5873962240611791,0.8654100276358907,0.6252405297706647,0.9787012249584771,0.9191263888685033,0.9433412579583802,0.8654100276358907,"[0.0, 0.07854875310636741, 1.0]","[0.0, 0.8093688083781488, 1.0]"
0.8,0.9962041486305813,0.9023828723369176,0.9469753570917373,0.1538081750383286,0.8376733654118313,0.2598959362444839,0.901040642292055,0.575006161834455,0.8700281188743745,0.6034356466681106,0.978730840006305,0.901040642292055,0.9327236854952345,0.8700281188743745,"[0.0, 0.09761712766308242, 1.0]","[0.0, 0.8376733654118313, 1.0]"
1.0,0.9965343861780387,0.8852600055757234,0.9376072541508645,0.13627439918763398,0.8546560996320408,0.2350674373795761,0.8846252073211901,0.5664043926828364,0.8699580526038821,0.5863373457652203,0.9786905351613967,0.8846252073211901,0.9230348969410602,0.869958052603882,"[0.0, 0.11473999442427658, 1.0]","[0.0, 0.8546560996320408, 1.0]"
