ratio,majority precision,majority recall,majority f1,minority precision,minority recall,minority f1,accuracy,macro avg precision,macro avg recall,macro avg f1,weighted avg precision,weighted avg recall,weighted avg f1,auc,fpr,tpr
0.021149848792006147,0.9846366191676466,0.9965376556181409,0.9905513922617363,0.6193144363876071,0.26592131333144636,0.3720792079207921,0.9813829240727422,0.8019755277776268,0.6312294844747937,0.6813153000912642,0.9770589627600678,0.9813829240727422,0.9777227989501656,0.6312294844747937,"[0.0, 0.0034623443818591142, 1.0]","[0.0, 0.26592131333144636, 1.0]"
0.2,0.9847561834139016,0.3144917848010576,0.4767338295571249,0.023244490005125577,0.7701669968864987,0.04512699742107751,0.32394357928109085,0.5040003367095136,0.5423293908437782,0.2609304134891012,0.9648121296773456,0.32394357928109085,0.46778127088082977,0.5423293908437781,"[0.0, 0.6855082151989424, 1.0]","[0.0, 0.7701669968864987, 1.0]"
0.4,0.9809533224589326,0.17847411035735591,0.302002120309829,0.02111000778677106,0.8363996603453155,0.04118065136502362,0.19212106089738884,0.5010316651228518,0.5074368853513357,0.1715913858374263,0.9610438748903559,0.19212106089738884,0.2965920588119382,0.5074368853513357,"[0.0, 0.8215258896426441, 1.0]","[0.0, 0.8363996603453155, 1.0]"
0.6,0.9779137542151455,0.1312693164342949,0.23146777740189445,0.020539009585096458,0.8600339654684405,0.040119890936218816,0.14638563942992178,0.499226381900121,0.4956516409513677,0.13579383416905663,0.9580555106973462,0.14638563942992178,0.2274987642778644,0.49565164095136766,"[0.0, 0.8687306835657052, 1.0]","[0.0, 0.8600339654684405, 1.0]"
0.8,0.9758311491240171,0.10602567830474026,0.1912695966298393,0.02033441739758878,0.876026040192471,0.039746240480807514,0.12199732867563957,0.49808278326080296,0.49102585924860565,0.11550791855532341,0.9560118600885443,0.12199732867563957,0.18812663957783932,0.49102585924860565,"[0.0, 0.8939743216952597, 1.0]","[0.0, 0.876026040192471, 1.0]"
1.0,0.970618218888808,0.07991570465452998,0.14767279223387017,0.019984737650428335,0.8857911123690915,0.03908760206710278,0.09663148933671897,0.4953014782696181,0.48285340851181074,0.09338019715048648,0.9508998053078231,0.09663148933671897,0.1454204755095644,0.48285340851181074,"[0.0, 0.92008429534547, 1.0]","[0.0, 0.8857911123690915, 1.0]"
