ratio,majority precision,majority recall,majority f1,minority precision,minority recall,minority f1,accuracy,macro avg precision,macro avg recall,macro avg f1,weighted avg precision,weighted avg recall,weighted avg f1,auc,fpr,tpr
0.17905166312809626,0.8986686390532544,0.981421647819063,0.9382239382239382,0.7012987012987013,0.28272251308900526,0.4029850746268657,0.8880335899230231,0.7999836701759779,0.6320720804540342,0.670604506425402,0.8722881925094338,0.8880335899230231,0.8666839641532307,0.6320720804540341,"[0.0, 0.018578352180936994, 1.0]","[0.0, 0.28272251308900526, 1.0]"
0.2,0.907185628742515,0.9789983844911146,0.9417249417249417,0.7204301075268817,0.3507853403141361,0.47183098591549294,0.8950314905528342,0.8138078681346983,0.6648918624026254,0.7067779638202173,0.8822239040733855,0.8950314905528342,0.8789189616272477,0.6648918624026253,"[0.0, 0.0210016155088853, 1.0]","[0.0, 0.3507853403141361, 1.0]"
0.4,0.9318364073777065,0.938610662358643,0.9352112676056337,0.5824175824175825,0.5549738219895288,0.5683646112600536,0.887333799860042,0.7571269948976445,0.7467922421740859,0.7517879394328436,0.8851331214663112,0.887333799860042,0.8861785794586738,0.7467922421740859,"[0.0, 0.061389337641357025, 1.0]","[0.0, 0.5549738219895288, 1.0]"
0.6,0.9473684210526315,0.8723747980613893,0.9083263246425567,0.4532871972318339,0.6858638743455497,0.5458333333333334,0.8474457662701189,0.7003278091422327,0.7791193362034695,0.727079828987945,0.8813295730821821,0.8474457662701189,0.8598755469378249,0.7791193362034695,"[0.0, 0.12762520193861066, 1.0]","[0.0, 0.6858638743455497, 1.0]"
0.8,0.9511025886864813,0.8012924071082391,0.8697939500219203,0.3626943005181347,0.7329842931937173,0.4852686308492201,0.7921623512946117,0.6568984446023081,0.7671383501509782,0.6775312904355701,0.8724559945366184,0.7921623512946117,0.8183983335334769,0.7671383501509783,"[0.0, 0.1987075928917609, 1.0]","[0.0, 0.7329842931937173, 1.0]"
1.0,0.9550561797752809,0.7552504038772213,0.8434821831303564,0.32666666666666666,0.7696335078534031,0.4586583463338534,0.7571728481455563,0.6408614232209737,0.7624419558653122,0.6510702647321049,0.8710656990168868,0.7571728481455563,0.7920466668055614,0.7624419558653122,"[0.0, 0.24474959612277866, 1.0]","[0.0, 0.7696335078534031, 1.0]"
