ratio,majority precision,majority recall,majority f1,minority precision,minority recall,minority f1,accuracy,macro avg precision,macro avg recall,macro avg f1,weighted avg precision,weighted avg recall,weighted avg f1,auc,fpr,tpr
0.17905166312809626,0.8985185185185185,0.9798061389337641,0.937403400309119,0.6835443037974683,0.28272251308900526,0.4,0.8866340097970609,0.7910314111579935,0.6312643260113847,0.6687017001545594,0.8697850860400578,0.8866340097970609,0.8655741144735405,0.6312643260113846,"[0.0, 0.020193861066235864, 1.0]","[0.0, 0.28272251308900526, 1.0]"
0.2,0.9008264462809917,0.8804523424878837,0.8905228758169934,0.3242009132420091,0.3717277486910995,0.3463414634146341,0.8124562631210637,0.6125136797615004,0.6260900455894916,0.6184321696158137,0.8237547340273558,0.8124562631210637,0.8177876415490785,0.6260900455894916,"[0.0, 0.11954765751211632, 1.0]","[0.0, 0.3717277486910995, 1.0]"
0.4,0.8850393700787401,0.45395799676898224,0.600106780565937,0.1486146095717884,0.6178010471204188,0.2395939086294416,0.47585724282715186,0.5168269898252642,0.5358795219447006,0.41985034459768933,0.7866089087373631,0.47585724282715186,0.5519206654225707,0.5358795219447005,"[0.0, 0.5460420032310178, 1.0]","[0.0, 0.6178010471204188, 1.0]"
0.6,0.8775510204081632,0.31260096930533116,0.46098868374032154,0.13866396761133604,0.7172774869109948,0.23240033927056827,0.36668999300209937,0.5081074940097496,0.514939228108163,0.3466945115054449,0.7787914493205537,0.36668999300209937,0.4304355880134336,0.514939228108163,"[0.0, 0.6873990306946688, 1.0]","[0.0, 0.7172774869109948, 1.0]"
0.8,0.8761609907120743,0.22859450726978997,0.3625880845611787,0.13652802893309224,0.7905759162303665,0.23284502698535084,0.30370888733379986,0.5063445098225833,0.5095852117500782,0.2977165557732648,0.7773017215029872,0.30370888733379986,0.3452466401965999,0.5095852117500783,"[0.0, 0.77140549273021, 1.0]","[0.0, 0.7905759162303665, 1.0]"
1.0,0.8876404494382022,0.19143780290791598,0.3149501661129568,0.13855421686746988,0.8429319371727748,0.23798965262379898,0.27851644506648005,0.513097333152836,0.5171848700403454,0.2764699093683779,0.7875176569812323,0.27851644506648005,0.3046636314198643,0.5171848700403454,"[0.0, 0.808562197092084, 1.0]","[0.0, 0.8429319371727748, 1.0]"
