ratio,majority precision,majority recall,majority f1,minority precision,minority recall,minority f1,accuracy,macro avg precision,macro avg recall,macro avg f1,weighted avg precision,weighted avg recall,weighted avg f1,auc,fpr,tpr
0.002425659017750446,0.9976120453600004,0.9999748804869389,0.9987920654899551,0.1,0.0011646866992778943,0.002302555836979047,0.9975870523893082,0.5488060226800002,0.5005697835931084,0.5005473106634671,0.9954661488963744,0.9975870523893082,0.9964097853881467,0.5005697835931083,"[0.0, 2.511951306103037e-05, 1.0]","[0.0, 0.0011646866992778943, 1.0]"
0.2,0.9984041505822446,0.9736568875471968,0.9858752431843385,0.03090539458282851,0.35057069648264616,0.05680317040951123,0.9721672925034902,0.5146547725825366,0.6621137920149215,0.5213392067969249,0.9960911778789551,0.9721672925034902,0.9836541360972322,0.6621137920149214,"[0.0, 0.026343112452803227, 1.0]","[0.0, 0.35057069648264616, 1.0]"
0.4,0.9988161652904054,0.9141526685854253,0.9546109134214489,0.015063211691921456,0.5478686233403215,0.02932028547386792,0.9132770033785722,0.5069396884911634,0.7310106459628734,0.4919655994476584,0.9964643341233427,0.9132770033785722,0.9523988465306324,0.7310106459628734,"[0.0, 0.08584733141457468, 1.0]","[0.0, 0.5478686233403215, 1.0]"
0.6,0.999028576372775,0.8507778117666498,0.9189624941815455,0.010405985199883021,0.6547868623340322,0.02048639706150292,0.8503092615867984,0.504717280786329,0.752782337050341,0.4697244456215242,0.9966651034969094,0.8503092615867984,0.9168145320531083,0.752782337050341,"[0.0, 0.14922218823335023, 1.0]","[0.0, 0.6547868623340322, 1.0]"
0.8,0.9991601986056631,0.794971185127462,0.8854463774720815,0.008358711851227888,0.7211740041928721,0.016525881740662152,0.794794760233866,0.5037594552284455,0.7580725946601671,0.45098612960637185,0.9967915167039748,0.794794760233866,0.8833690731081297,0.7580725946601671,"[0.0, 0.20502881487253802, 1.0]","[0.0, 0.7211740041928721, 1.0]"
1.0,0.999253196545091,0.7394403149205442,0.8499348429911783,0.007026478528077196,0.7693920335429769,0.013925779767777188,0.7395119196716208,0.5031398375365841,0.7544161742317606,0.43193031137947774,0.9968811073821676,0.7395119196716208,0.8479362190849998,0.7544161742317606,"[0.0, 0.2605596850794558, 1.0]","[0.0, 0.7693920335429769, 1.0]"
