ratio,majority precision,majority recall,majority f1,minority precision,minority recall,minority f1,accuracy,macro avg precision,macro avg recall,macro avg f1,weighted avg precision,weighted avg recall,weighted avg f1,auc,fpr,tpr
0.00171904766405989,0.9986410797080062,0.9998560452914241,0.9992481931868574,0.7043351193375548,0.20130864541278018,0.3131225638804677,0.9984980303220783,0.8514880995227805,0.6005823453521022,0.6561853785336625,0.9981405810528088,0.9984980303220783,0.9980813634212209,0.6005823453521022,"[0.0, 0.0001439547085759061, 1.0]","[0.0, 0.20130864541278018, 1.0]"
0.2,0.9996654496191908,0.9758077827559809,0.9875925524111632,0.05385150489264017,0.8082973687874148,0.10097566914207205,0.9755229134423682,0.5267584772559155,0.8920525757716978,0.5442841107766176,0.9980569921934327,0.9755229134423682,0.9860847658981307,0.8920525757716979,"[0.0, 0.02419221724401912, 1.0]","[0.0, 0.8082973687874148, 1.0]"
0.4,0.999770970739529,0.956574295333401,0.9776957354257768,0.03305204680833087,0.8713629402756509,0.06368830481656161,0.9564293843415873,0.5164115087739299,0.9139686178045259,0.5206920201211692,0.998126962168406,0.9564293843415873,0.9761413683674792,0.913968617804526,"[0.0, 0.043425704666599, 1.0]","[0.0, 0.8713629402756509, 1.0]"
0.6,0.9998135831067447,0.9399730209429199,0.9689702899593281,0.024827203587692734,0.8971181957399416,0.048317256323644635,0.939900141744837,0.5123203933472187,0.9185456083414307,0.5086437731414863,0.9981555148461803,0.939900141744837,0.96740462134474,0.9185456083414306,"[0.0, 0.06002697905708006, 1.0]","[0.0, 0.8971181957399416, 1.0]"
0.8,0.9998451792529963,0.9266082373398119,0.9618346036094708,0.020813689319773954,0.9157733537519143,0.040702297161420056,0.9265898114653982,0.5103294342863851,0.9211907955458631,0.5012684503854454,0.9981802318510107,0.9265898114653982,0.9602681199403803,0.921190795545863,"[0.0, 0.07339176266018815, 1.0]","[0.0, 0.9157733537519143, 1.0]"
1.0,0.9998618434746185,0.9148143861742768,0.9554492654510527,0.01817714654333541,0.925797020743422,0.03565425559007793,0.9148330633149825,0.5090194950089769,0.9203057034588493,0.4955517605205653,0.9981923840113319,0.9148330633149825,0.9538850559973489,0.9203057034588493,"[0.0, 0.08518561382572326, 1.0]","[0.0, 0.925797020743422, 1.0]"
